Type,Name,Request Count,Failure Count,Median Response Time,Average Response Time,Min Response Time,Max Response Time,Average Content Size,Requests/s,Failures/s,50%,66%,75%,80%,90%,95%,98%,99%,99.9%,99.99%,100%
GET,/api/customer/owners,1150,0,110.0,121.78541443457462,62.525699999241624,391.9187000064994,327954.6643478261,9.759031624936249,0.0,110,120,120,130,200,240,270,320,380,390,390
POST,/api/customer/owners,270,0,47,33.885604444475135,3.244200001063291,115.90479999722447,145.82592592592593,2.291250903245902,0.0,47,50,52,54,59,63,76,85,120,120,120
GET,/api/customer/owners/[id],834,0,4,6.762023980945851,2.2016000002622604,116.88019999564858,309.92446043165467,7.077419456692898,0.0,4,5,6,7,9,16,41,70,120,120,120
GET,/api/vet/vets,585,0,5,5.7840001710658715,2.99510000331793,30.600600002799183,653.0,4.964376957032788,0.0,5,6,6,6,8,10,14,20,31,31,31
,Aggregated,2839,0,10,55.73283124337847,2.2016000002622604,391.9187000064994,133084.79006692496,24.092078941907836,0.0,10,84,100,110,120,180,240,260,370,390,390
