Type,Name,Request Count,Failure Count,Median Response Time,Average Response Time,Min Response Time,Max Response Time,Average Content Size,Requests/s,Failures/s,50%,66%,75%,80%,90%,95%,98%,99%,99.9%,99.99%,100%
GET,/api/customer/owners,1148,0,65,67.1477927701234,35.50890000042273,202.81839999370277,204879.90853658537,9.666953773899229,0.0,65,71,74,76,81,91,150,170,200,200,200
POST,/api/customer/owners,308,0,49,35.2168094156353,2.8395999979693443,77.4701999980607,145.66233766233765,2.593572963729061,0.0,49,51,54,55,58,63,66,67,77,77,77
GET,/api/customer/owners/[id],877,0,4,5.595429646519083,2.7024000009987503,110.2787999989232,308.4469783352337,7.384946393475281,0.0,4,5,6,7,8,10,17,22,110,110,110
GET,/api/vet/vets,543,0,6,6.2670690606682244,3.7573000008706003,22.880399999849033,653.0,4.572435452288572,0.0,6,6,7,8,9,10,13,20,23,23,23
,Aggregated,2876,0,9,33.46406595968617,2.7024000009987503,202.81839999370277,82013.938108484,24.21790858339214,0.0,9,54,62,65,74,80,92,130,190,200,200
