Type,Name,Request Count,Failure Count,Median Response Time,Average Response Time,Min Response Time,Max Response Time,Average Content Size,Requests/s,Failures/s,50%,66%,75%,80%,90%,95%,98%,99%,99.9%,99.99%,100%
GET,/api/customer/owners,1189,0,110.0,123.38464390245252,59.43659999957163,351.0212000001047,329415.37678721617,10.018900150282272,0.0,110,120,120,130,210,230,280,310,350,350,350
POST,/api/customer/owners,281,0,48,34.75922704626919,2.7464999993753736,136.0623000000487,145.5693950177936,2.367797260075121,0.0,48,52,54,55,60,63,68,120,140,140,140
GET,/api/customer/owners/[id],883,0,4,6.43559898075458,2.2369999996953993,104.86020000007557,307.7757644394111,7.440444770983387,0.0,4,5,6,6,9,13,35,86,100,100,100
GET,/api/vet/vets,522,0,5,5.3382229885020545,2.9825999999957276,32.37730000000738,653.0,4.398541529392218,0.0,5,5,6,6,7,8,11,16,32,32,32
,Aggregated,2875,0,11,57.37073763479023,2.2369999996953993,351.0212000001047,136462.0591304348,24.225683710732998,0.0,11,93,110,110,130,180,230,260,350,350,350
