Type,Name,Request Count,Failure Count,Median Response Time,Average Response Time,Min Response Time,Max Response Time,Average Content Size,Requests/s,Failures/s,50%,66%,75%,80%,90%,95%,98%,99%,99.9%,99.99%,100%
GET,/api/customer/owners,450,1,5000.0,5310.92734111115,2398.54540000033,10468.197400000463,729275.9977777777,3.789526821046765,0.008421170713437256,5000,6100,6600,6900,7600,8100,8700,9000,10000,10000,10000
POST,/api/customer/owners,97,0,2700.0,2792.579605154595,594.4214000001011,5931.310199999643,145.81443298969072,0.8168535592034138,0.0,2700,3200,3600,3900,4600,5200,5600,5900,5900,5900,5900
GET,/api/customer/owners/[id],335,0,2400.0,2768.6944286567254,88.55099999982485,7364.539600000171,309.6208955223881,2.821092189001481,0.0,2400,3600,3800,4200,4800,5300,6000,6200,7400,7400,7400
GET,/api/vet/vets,219,0,4,5.031342465758514,3.16469999961555,29.09819999968022,653.0,1.844236386242759,0.0,4,5,5,5,7,11,13,17,29,29,29
,Aggregated,1101,1,3400.0,3260.138077020906,3.16469999961555,10468.197400000463,298306.15168029064,9.27170895549442,0.008421170713437256,3400,4300,4900,5400,6600,7400,8100,8400,10000,10000,10000
