Type,Name,Request Count,Failure Count,Median Response Time,Average Response Time,Min Response Time,Max Response Time,Average Content Size,Requests/s,Failures/s,50%,66%,75%,80%,90%,95%,98%,99%,99.9%,99.99%,100%
GET,/api/customer/owners,1049,0,310.0,460.1589091515639,129.27860000036162,2297.6888000002873,617865.2592945662,8.834097737741482,0.0,310,380,470,620,990,1400,1900,2000,2300,2300,2300
POST,/api/customer/owners,270,0,50,58.394599999970794,3.022199999577424,829.7847000003458,145.15185185185186,2.2737906474644425,0.0,50,54,56,59,81,120,470,640,830,830,830
GET,/api/customer/owners/[id],834,0,5,49.01639688249526,2.621999999973923,970.6808999999339,314.58153477218224,7.0234866666123885,0.0,5,8,13,34,100,310,660,760,970,970,970
GET,/api/vet/vets,534,0,4,4.849419288383912,2.9586000000563217,22.82409999952506,653.0,4.49705261387412,0.0,4,5,5,5,6,7,13,15,23,23,23
,Aggregated,2687,0,49,201.69054804614072,2.621999999973923,2297.6888000002873,241455.4934871604,22.62842766569243,0.0,49,210,270,330,540,870,1400,1800,2300,2300,2300
