Type,Name,Request Count,Failure Count,Median Response Time,Average Response Time,Min Response Time,Max Response Time,Average Content Size,Requests/s,Failures/s,50%,66%,75%,80%,90%,95%,98%,99%,99.9%,99.99%,100%
GET,/api/customer/owners,1209,0,93,99.52407783290587,51.11910000050557,377.90099999983795,286472.4400330852,10.17670971884302,0.0,93,99,100,110,130,190,230,250,380,380,380
POST,/api/customer/owners,277,0,47,34.047840433195496,2.9303999999683583,145.16889999958948,145.34657039711192,2.331636552621602,0.0,47,52,54,55,59,64,67,97,150,150,150
GET,/api/customer/owners/[id],814,0,4,6.300676781351782,2.281800000673684,108.7201999998797,309.1093366093366,6.851812829725573,0.0,4,5,6,6,8,11,30,67,110,110,110
GET,/api/vet/vets,567,0,5,5.710194532632216,3.039399999579473,38.490099999762606,653.0,4.772700091467322,0.0,5,5,6,7,8,9,14,23,38,38,38
,Aggregated,2867,0,11,48.17659333798422,2.281800000673684,377.90099999983795,121034.98674572723,24.132859192657516,0.0,11,76,90,94,100,120,190,230,350,380,380
