Type,Name,Request Count,Failure Count,Median Response Time,Average Response Time,Min Response Time,Max Response Time,Average Content Size,Requests/s,Failures/s,50%,66%,75%,80%,90%,95%,98%,99%,99.9%,99.99%,100%
GET,/api/customer/owners,1133,0,220.0,277.1250545455653,107.73740000149701,879.6529999963241,535249.2753751103,9.532785693141802,0.0,220,290,330,360,480,610,760,820,850,880,880
POST,/api/customer/owners,276,0,48,38.53750036235041,2.8995999964536168,255.83539999934146,146.43115942028984,2.3221966913566967,0.0,48,52,54,55,64,100,140,170,260,260,260
GET,/api/customer/owners/[id],827,0,5,13.314277871863867,2.3035999984131195,296.7334000059054,311.1608222490931,6.958176317941986,0.0,5,6,8,9,23,79,100,140,300,300,300
GET,/api/vet/vets,526,0,4,5.304731368963114,2.8110999992350116,25.199499999871477,653.0,4.42563572338269,0.0,4,5,5,6,7,11,18,20,25,25,25
,Aggregated,2762,0,23,122.52723874013043,2.3035999984131195,879.6529999963241,219796.7603186097,23.238794425823176,0.0,23,170,200,230,330,440,620,720,850,880,880
